filename,label
Image_8125.jpg,Normal clean mucosa
Image_30216.jpg,Normal clean mucosa
Image_4558.jpg,Normal clean mucosa
Image_31992.jpg,Normal clean mucosa
Image_29701.jpg,Normal clean mucosa
Image_18741.jpg,Normal clean mucosa
Image_16829.jpg,Normal clean mucosa
Image_23522.jpg,Normal clean mucosa
Image_28456.jpg,Normal clean mucosa
Image_8024.jpg,Normal clean mucosa
Image_4526.jpg,Normal clean mucosa
Image_23073.jpg,Normal clean mucosa
Image_25978.jpg,Normal clean mucosa
Image_25542.jpg,Normal clean mucosa
Image_18340.jpg,Normal clean mucosa
Image_28587.jpg,Normal clean mucosa
Image_4383.jpg,Normal clean mucosa
Image_10470.jpg,Normal clean mucosa
Image_21940.jpg,Normal clean mucosa
Image_37355.jpg,Normal clean mucosa
Image_28000.jpg,Normal clean mucosa
Image_4952.jpg,Normal clean mucosa
Image_6147.jpg,Normal clean mucosa
Image_26617.jpg,Normal clean mucosa
Image_36430.jpg,Normal clean mucosa
Image_11666.jpg,Normal clean mucosa
Image_20560.jpg,Normal clean mucosa
Image_3885.jpg,Normal clean mucosa
Image_22181.jpg,Normal clean mucosa
Image_17700.jpg,Normal clean mucosa
Image_28123.jpg,Normal clean mucosa
Image_26318.jpg,Normal clean mucosa
Image_24191.jpg,Normal clean mucosa
Image_32297.jpg,Normal clean mucosa
Image_35552.jpg,Normal clean mucosa
Image_1519.jpg,Normal clean mucosa
Image_21502.jpg,Normal clean mucosa
Image_20444.jpg,Normal clean mucosa
Image_3554.jpg,Normal clean mucosa
Image_33746.jpg,Normal clean mucosa
Image_18585.jpg,Normal clean mucosa
Image_21152.jpg,Normal clean mucosa
Image_6502.jpg,Normal clean mucosa
Image_6970.jpg,Normal clean mucosa
Image_21342.jpg,Normal clean mucosa
Image_15513.jpg,Normal clean mucosa
Image_28616.jpg,Normal clean mucosa
Image_36044.jpg,Normal clean mucosa
Image_12331.jpg,Normal clean mucosa
Image_22381.jpg,Normal clean mucosa
Image_16447.jpg,Normal clean mucosa
Image_17130.jpg,Normal clean mucosa
Image_9578.jpg,Normal clean mucosa
Image_4675.jpg,Normal clean mucosa
Image_12345.jpg,Normal clean mucosa
Image_25507.jpg,Normal clean mucosa
Image_16699.jpg,Normal clean mucosa
Image_16638.jpg,Normal clean mucosa
Image_28137.jpg,Normal clean mucosa
Image_3080.jpg,Normal clean mucosa
Image_20173.jpg,Normal clean mucosa
Image_20311.jpg,Normal clean mucosa
Image_20731.jpg,Normal clean mucosa
Image_24792.jpg,Normal clean mucosa
Image_9426.jpg,Normal clean mucosa
Image_28455.jpg,Normal clean mucosa
Image_16319.jpg,Normal clean mucosa
Image_10020.jpg,Normal clean mucosa
Image_25523.jpg,Normal clean mucosa
Image_12442.jpg,Normal clean mucosa
Image_25586.jpg,Normal clean mucosa
Image_2060.jpg,Normal clean mucosa
Image_35459.jpg,Normal clean mucosa
Image_1974.jpg,Normal clean mucosa
Image_8346.jpg,Normal clean mucosa
Image_21189.jpg,Normal clean mucosa
Image_11494.jpg,Normal clean mucosa
Image_35893.jpg,Normal clean mucosa
Image_16430.jpg,Normal clean mucosa
Image_32381.jpg,Normal clean mucosa
Image_18067.jpg,Normal clean mucosa
Image_27674.jpg,Normal clean mucosa
Image_23072.jpg,Normal clean mucosa
Image_30096.jpg,Normal clean mucosa
Image_14971.jpg,Normal clean mucosa
Image_15088.jpg,Normal clean mucosa
Image_18531.jpg,Normal clean mucosa
Image_20368.jpg,Normal clean mucosa
Image_14150.jpg,Normal clean mucosa
Image_4839.jpg,Normal clean mucosa
Image_8429.jpg,Normal clean mucosa
Image_11550.jpg,Normal clean mucosa
Image_2829.jpg,Normal clean mucosa
Image_22098.jpg,Normal clean mucosa
Image_451.jpg,Normal clean mucosa
Image_3569.jpg,Normal clean mucosa
Image_5319.jpg,Normal clean mucosa
Image_23744.jpg,Normal clean mucosa
Image_30512.jpg,Normal clean mucosa
Image_17153.jpg,Normal clean mucosa
Image_36523.jpg,Normal clean mucosa
Image_21046.jpg,Normal clean mucosa
Image_9208.jpg,Normal clean mucosa
Image_11096.jpg,Normal clean mucosa
Image_31137.jpg,Normal clean mucosa
Image_31938.jpg,Normal clean mucosa
Image_31418.jpg,Normal clean mucosa
Image_21702.jpg,Normal clean mucosa
Image_31242.jpg,Normal clean mucosa
Image_35906.jpg,Normal clean mucosa
Image_34035.jpg,Normal clean mucosa
Image_7877.jpg,Normal clean mucosa
Image_16796.jpg,Normal clean mucosa
Image_13311.jpg,Normal clean mucosa
Image_882.jpg,Normal clean mucosa
Image_1681.jpg,Normal clean mucosa
Image_17104.jpg,Normal clean mucosa
Image_15255.jpg,Normal clean mucosa
Image_140.jpg,Normal clean mucosa
Image_33814.jpg,Normal clean mucosa
Image_32393.jpg,Normal clean mucosa
Image_37642.jpg,Normal clean mucosa
Image_17399.jpg,Normal clean mucosa
Image_20153.jpg,Normal clean mucosa
Image_1627.jpg,Normal clean mucosa
Image_9607.jpg,Normal clean mucosa
Image_5112.jpg,Normal clean mucosa
Image_11470.jpg,Normal clean mucosa
Image_16187.jpg,Normal clean mucosa
Image_33143.jpg,Normal clean mucosa
Image_5453.jpg,Normal clean mucosa
Image_18110.jpg,Normal clean mucosa
Image_7634.jpg,Normal clean mucosa
Image_11711.jpg,Normal clean mucosa
Image_19784.jpg,Normal clean mucosa
Image_3731.jpg,Normal clean mucosa
Image_396.jpg,Normal clean mucosa
Image_28737.jpg,Normal clean mucosa
Image_8239.jpg,Normal clean mucosa
Image_12008.jpg,Normal clean mucosa
Image_20335.jpg,Normal clean mucosa
Image_30339.jpg,Normal clean mucosa
Image_15628.jpg,Normal clean mucosa
Image_28851.jpg,Normal clean mucosa
Image_32540.jpg,Normal clean mucosa
Image_26585.jpg,Normal clean mucosa
Image_24069.jpg,Normal clean mucosa
Image_36901.jpg,Normal clean mucosa
Image_4218.jpg,Normal clean mucosa
Image_3697.jpg,Normal clean mucosa
Image_1767.jpg,Normal clean mucosa
Image_7527.jpg,Normal clean mucosa
Image_11571.jpg,Normal clean mucosa
Image_27493.jpg,Normal clean mucosa
Image_34705.jpg,Normal clean mucosa
Image_12108.jpg,Normal clean mucosa
Image_24448.jpg,Normal clean mucosa
Image_21994.jpg,Normal clean mucosa
Image_29459.jpg,Normal clean mucosa
Image_35275.jpg,Normal clean mucosa
Image_14406.jpg,Normal clean mucosa
Image_19301.jpg,Normal clean mucosa
Image_22727.jpg,Normal clean mucosa
Image_22915.jpg,Normal clean mucosa
Image_6239.jpg,Normal clean mucosa
Image_26369.jpg,Normal clean mucosa
Image_6064.jpg,Normal clean mucosa
Image_36077.jpg,Normal clean mucosa
Image_30175.jpg,Normal clean mucosa
Image_2285.jpg,Normal clean mucosa
Image_2698.jpg,Normal clean mucosa
Image_16313.jpg,Normal clean mucosa
Image_27912.jpg,Normal clean mucosa
Image_14505.jpg,Normal clean mucosa
Image_11736.jpg,Normal clean mucosa
Image_19069.jpg,Normal clean mucosa
Image_37645.jpg,Normal clean mucosa
Image_16654.jpg,Normal clean mucosa
Image_8631.jpg,Normal clean mucosa
Image_26001.jpg,Normal clean mucosa
Image_13399.jpg,Normal clean mucosa
Image_22436.jpg,Normal clean mucosa
Image_714.jpg,Normal clean mucosa
Image_18720.jpg,Normal clean mucosa
Image_823.jpg,Normal clean mucosa
Image_18826.jpg,Normal clean mucosa
Image_8115.jpg,Normal clean mucosa
Image_5505.jpg,Normal clean mucosa
Image_3274.jpg,Normal clean mucosa
Image_21233.jpg,Normal clean mucosa
Image_21190.jpg,Normal clean mucosa
Image_15499.jpg,Normal clean mucosa
Image_35480.jpg,Normal clean mucosa
Image_3742.jpg,Normal clean mucosa
Image_4101.jpg,Normal clean mucosa
Image_7182.jpg,Normal clean mucosa
Image_11914.jpg,Normal clean mucosa
Image_32977.jpg,Normal clean mucosa
Image_10247.jpg,Normal clean mucosa
Image_10909.jpg,Normal clean mucosa
Image_2259.jpg,Foreign body
Image_35037.jpg,Foreign body
Image_4181.jpg,Foreign body
Image_17049.jpg,Foreign body
Image_5408.jpg,Foreign body
Image_37146.jpg,Foreign body
Image_15095.jpg,Foreign body
Image_20483.jpg,Foreign body
Image_19022.jpg,Foreign body
Image_31524.jpg,Foreign body
Image_15680.jpg,Foreign body
Image_29054.jpg,Foreign body
Image_13560.jpg,Foreign body
Image_6969.jpg,Foreign body
Image_55.jpg,Foreign body
Image_13135.jpg,Foreign body
Image_34572.jpg,Foreign body
Image_25619.jpg,Foreign body
Image_10522.jpg,Foreign body
Image_23965.jpg,Foreign body
Image_21834.jpg,Foreign body
Image_4022.jpg,Foreign body
Image_14066.jpg,Foreign body
Image_2581.jpg,Foreign body
Image_12423.jpg,Foreign body
Image_31023.jpg,Foreign body
Image_14110.jpg,Foreign body
Image_22365.jpg,Foreign body
Image_29316.jpg,Foreign body
Image_32800.jpg,Foreign body
Image_1799.jpg,Foreign body
Image_8139.jpg,Foreign body
Image_22059.jpg,Foreign body
Image_3925.jpg,Foreign body
Image_6269.jpg,Foreign body
Image_24043.jpg,Foreign body
Image_8232.jpg,Foreign body
Image_19260.jpg,Foreign body
Image_7073.jpg,Foreign body
Image_12090.jpg,Foreign body
Image_34207.jpg,Foreign body
Image_26201.jpg,Foreign body
Image_4324.jpg,Foreign body
Image_18633.jpg,Foreign body
Image_19621.jpg,Foreign body
Image_3917.jpg,Foreign body
Image_13592.jpg,Foreign body
Image_29011.jpg,Foreign body
Image_15517.jpg,Foreign body
Image_421.jpg,Foreign body
Image_11875.jpg,Foreign body
Image_28246.jpg,Foreign body
Image_23606.jpg,Foreign body
Image_20005.jpg,Foreign body
Image_36756.jpg,Foreign body
Image_1394.jpg,Foreign body
Image_34426.jpg,Foreign body
Image_11636.jpg,Foreign body
Image_17450.jpg,Foreign body
Image_30267.jpg,Foreign body
Image_7727.jpg,Foreign body
Image_28464.jpg,Foreign body
Image_34668.jpg,Foreign body
Image_2643.jpg,Foreign body
Image_37378.jpg,Foreign body
Image_29963.jpg,Foreign body
Image_13165.jpg,Foreign body
Image_11886.jpg,Foreign body
Image_815.jpg,Foreign body
Image_28676.jpg,Foreign body
Image_21601.jpg,Foreign body
Image_21167.jpg,Foreign body
Image_21343.jpg,Foreign body
Image_28365.jpg,Foreign body
Image_3619.jpg,Foreign body
Image_20436.jpg,Foreign body
Image_9897.jpg,Foreign body
Image_37418.jpg,Foreign body
Image_2693.jpg,Foreign body
Image_36503.jpg,Foreign body
Image_5090.jpg,Foreign body
Image_11611.jpg,Foreign body
Image_35717.jpg,Foreign body
Image_4448.jpg,Foreign body
Image_31892.jpg,Foreign body
Image_28384.jpg,Foreign body
Image_33877.jpg,Foreign body
Image_1228.jpg,Foreign body
Image_5420.jpg,Foreign body
Image_30133.jpg,Foreign body
Image_11969.jpg,Foreign body
Image_32261.jpg,Foreign body
Image_18655.jpg,Foreign body
Image_16066.jpg,Foreign body
Image_31244.jpg,Foreign body
Image_27850.jpg,Foreign body
Image_27200.jpg,Foreign body
Image_8555.jpg,Foreign body
Image_4173.jpg,Foreign body
Image_14276.jpg,Foreign body
Image_36146.jpg,Foreign body
Image_13720.jpg,Foreign body
Image_24156.jpg,Foreign body
Image_3149.jpg,Foreign body
Image_15116.jpg,Foreign body
Image_3676.jpg,Foreign body
Image_14498.jpg,Foreign body
Image_32820.jpg,Foreign body
Image_19573.jpg,Foreign body
Image_34700.jpg,Foreign body
Image_24014.jpg,Foreign body
Image_14590.jpg,Foreign body
Image_7219.jpg,Foreign body
Image_19766.jpg,Foreign body
Image_36621.jpg,Foreign body
Image_11951.jpg,Foreign body
Image_32050.jpg,Foreign body
Image_16840.jpg,Foreign body
Image_28709.jpg,Foreign body
Image_185.jpg,Foreign body
Image_5270.jpg,Foreign body
Image_6037.jpg,Foreign body
Image_8712.jpg,Foreign body
Image_10173.jpg,Foreign body
Image_31339.jpg,Foreign body
Image_21353.jpg,Foreign body
Image_9989.jpg,Foreign body
Image_36132.jpg,Foreign body
Image_11296.jpg,Foreign body
Image_25170.jpg,Foreign body
Image_16887.jpg,Foreign body
Image_24246.jpg,Foreign body
Image_23813.jpg,Foreign body
Image_15752.jpg,Foreign body
Image_14502.jpg,Foreign body
Image_14572.jpg,Foreign body
Image_37282.jpg,Foreign body
Image_1958.jpg,Foreign body
Image_3721.jpg,Foreign body
Image_31764.jpg,Foreign body
Image_3324.jpg,Foreign body
Image_474.jpg,Foreign body
Image_8918.jpg,Foreign body
Image_26625.jpg,Foreign body
Image_11941.jpg,Foreign body
Image_19374.jpg,Foreign body
Image_4189.jpg,Foreign body
Image_15560.jpg,Foreign body
Image_26976.jpg,Foreign body
Image_4085.jpg,Foreign body
Image_795.jpg,Foreign body
Image_15793.jpg,Foreign body
Image_16945.jpg,Foreign body
Image_15630.jpg,Foreign body
Image_13884.jpg,Foreign body
Image_16073.jpg,Foreign body
Image_19103.jpg,Foreign body
Image_7281.jpg,Foreign body
Image_10718.jpg,Foreign body
Image_9054.jpg,Foreign body
Image_16658.jpg,Foreign body
Image_302.jpg,Foreign body
Image_11089.jpg,Foreign body
Image_13515.jpg,Foreign body
Image_18490.jpg,Foreign body
Image_36909.jpg,Foreign body
Image_14899.jpg,Foreign body
Image_4268.jpg,Foreign body
Image_9803.jpg,Foreign body
Image_32442.jpg,Foreign body
Image_12342.jpg,Foreign body
Image_17988.jpg,Foreign body
Image_29098.jpg,Foreign body
Image_23208.jpg,Foreign body
Image_12039.jpg,Foreign body
Image_8436.jpg,Foreign body
Image_3861.jpg,Foreign body
Image_4643.jpg,Foreign body
Image_25836.jpg,Foreign body
Image_3449.jpg,Foreign body
Image_692.jpg,Foreign body
Image_10916.jpg,Foreign body
Image_21969.jpg,Foreign body
Image_4361.jpg,Foreign body
Image_30836.jpg,Foreign body
Image_6261.jpg,Foreign body
Image_24350.jpg,Foreign body
Image_26026.jpg,Foreign body
Image_1604.jpg,Foreign body
Image_3.jpg,Foreign body
Image_37291.jpg,Foreign body
Image_32805.jpg,Foreign body
Image_21726.jpg,Foreign body
Image_20643.jpg,Foreign body
Image_27381.jpg,Foreign body
Image_32657.jpg,Foreign body
Image_790.jpg,Foreign body
Image_28440.jpg,Foreign body
Image_6140.jpg,Foreign body
Image_4391.jpg,Foreign body
Image_8279.jpg,Reduced mucosal view
Image_9713.jpg,Reduced mucosal view
Image_27067.jpg,Reduced mucosal view
Image_21372.jpg,Reduced mucosal view
Image_31303.jpg,Reduced mucosal view
Image_12231.jpg,Reduced mucosal view
Image_14923.jpg,Reduced mucosal view
Image_8199.jpg,Reduced mucosal view
Image_3303.jpg,Reduced mucosal view
Image_8141.jpg,Reduced mucosal view
Image_36348.jpg,Reduced mucosal view
Image_3796.jpg,Reduced mucosal view
Image_30821.jpg,Reduced mucosal view
Image_11891.jpg,Reduced mucosal view
Image_32613.jpg,Reduced mucosal view
Image_9184.jpg,Reduced mucosal view
Image_5564.jpg,Reduced mucosal view
Image_37594.jpg,Reduced mucosal view
Image_36069.jpg,Reduced mucosal view
Image_905.jpg,Reduced mucosal view
Image_13750.jpg,Reduced mucosal view
Image_20257.jpg,Reduced mucosal view
Image_26231.jpg,Reduced mucosal view
Image_29729.jpg,Reduced mucosal view
Image_7390.jpg,Reduced mucosal view
Image_16627.jpg,Reduced mucosal view
Image_18979.jpg,Reduced mucosal view
Image_23785.jpg,Reduced mucosal view
Image_33513.jpg,Reduced mucosal view
Image_7450.jpg,Reduced mucosal view
Image_3143.jpg,Reduced mucosal view
Image_26135.jpg,Reduced mucosal view
Image_17853.jpg,Reduced mucosal view
Image_15291.jpg,Reduced mucosal view
Image_14506.jpg,Reduced mucosal view
Image_15751.jpg,Reduced mucosal view
Image_33009.jpg,Reduced mucosal view
Image_28248.jpg,Reduced mucosal view
Image_13680.jpg,Reduced mucosal view
Image_17010.jpg,Reduced mucosal view
Image_27733.jpg,Reduced mucosal view
Image_4231.jpg,Reduced mucosal view
Image_7229.jpg,Reduced mucosal view
Image_8954.jpg,Reduced mucosal view
Image_20668.jpg,Reduced mucosal view
Image_9366.jpg,Reduced mucosal view
Image_26851.jpg,Reduced mucosal view
Image_31206.jpg,Reduced mucosal view
Image_3459.jpg,Reduced mucosal view
Image_31099.jpg,Reduced mucosal view
Image_4256.jpg,Reduced mucosal view
Image_26079.jpg,Reduced mucosal view
Image_29446.jpg,Reduced mucosal view
Image_672.jpg,Reduced mucosal view
Image_17447.jpg,Reduced mucosal view
Image_13512.jpg,Reduced mucosal view
Image_25378.jpg,Reduced mucosal view
Image_8050.jpg,Reduced mucosal view
Image_18161.jpg,Reduced mucosal view
Image_19876.jpg,Reduced mucosal view
Image_3590.jpg,Reduced mucosal view
Image_26635.jpg,Reduced mucosal view
Image_4275.jpg,Reduced mucosal view
Image_14969.jpg,Reduced mucosal view
Image_25914.jpg,Reduced mucosal view
Image_19339.jpg,Reduced mucosal view
Image_35506.jpg,Reduced mucosal view
Image_27969.jpg,Reduced mucosal view
Image_2984.jpg,Reduced mucosal view
Image_11453.jpg,Reduced mucosal view
Image_19120.jpg,Reduced mucosal view
Image_28155.jpg,Reduced mucosal view
Image_30847.jpg,Reduced mucosal view
Image_14761.jpg,Reduced mucosal view
Image_14812.jpg,Reduced mucosal view
Image_16033.jpg,Reduced mucosal view
Image_515.jpg,Reduced mucosal view
Image_2378.jpg,Reduced mucosal view
Image_17694.jpg,Reduced mucosal view
Image_33976.jpg,Reduced mucosal view
Image_7681.jpg,Reduced mucosal view
Image_18465.jpg,Reduced mucosal view
Image_32290.jpg,Reduced mucosal view
Image_27054.jpg,Reduced mucosal view
Image_28659.jpg,Reduced mucosal view
Image_15673.jpg,Reduced mucosal view
Image_24146.jpg,Reduced mucosal view
Image_27284.jpg,Reduced mucosal view
Image_1999.jpg,Reduced mucosal view
Image_11765.jpg,Reduced mucosal view
Image_23378.jpg,Reduced mucosal view
Image_29499.jpg,Reduced mucosal view
Image_29317.jpg,Reduced mucosal view
Image_10172.jpg,Reduced mucosal view
Image_36799.jpg,Reduced mucosal view
Image_27551.jpg,Reduced mucosal view
Image_31153.jpg,Reduced mucosal view
Image_37584.jpg,Reduced mucosal view
Image_21286.jpg,Reduced mucosal view
Image_3974.jpg,Reduced mucosal view
Image_10514.jpg,Reduced mucosal view
Image_11349.jpg,Reduced mucosal view
Image_30556.jpg,Reduced mucosal view
Image_25509.jpg,Reduced mucosal view
Image_4821.jpg,Reduced mucosal view
Image_35917.jpg,Reduced mucosal view
Image_6936.jpg,Reduced mucosal view
Image_1568.jpg,Reduced mucosal view
Image_1697.jpg,Reduced mucosal view
Image_20651.jpg,Reduced mucosal view
Image_18336.jpg,Reduced mucosal view
Image_10412.jpg,Reduced mucosal view
Image_27329.jpg,Reduced mucosal view
Image_35696.jpg,Reduced mucosal view
Image_37142.jpg,Reduced mucosal view
Image_7308.jpg,Reduced mucosal view
Image_34360.jpg,Reduced mucosal view
Image_12703.jpg,Reduced mucosal view
Image_25972.jpg,Reduced mucosal view
Image_9854.jpg,Reduced mucosal view
Image_23584.jpg,Reduced mucosal view
Image_16655.jpg,Reduced mucosal view
Image_7917.jpg,Reduced mucosal view
Image_16107.jpg,Reduced mucosal view
Image_33017.jpg,Reduced mucosal view
Image_23853.jpg,Reduced mucosal view
Image_7013.jpg,Reduced mucosal view
Image_5013.jpg,Reduced mucosal view
Image_37152.jpg,Reduced mucosal view
Image_5106.jpg,Reduced mucosal view
Image_17803.jpg,Reduced mucosal view
Image_22635.jpg,Reduced mucosal view
Image_4370.jpg,Reduced mucosal view
Image_11718.jpg,Reduced mucosal view
Image_10773.jpg,Reduced mucosal view
Image_7404.jpg,Reduced mucosal view
Image_16992.jpg,Reduced mucosal view
Image_23695.jpg,Reduced mucosal view
Image_17195.jpg,Reduced mucosal view
Image_24270.jpg,Reduced mucosal view
Image_9529.jpg,Reduced mucosal view
Image_36290.jpg,Reduced mucosal view
Image_31705.jpg,Reduced mucosal view
Image_33415.jpg,Reduced mucosal view
Image_3688.jpg,Reduced mucosal view
Image_28148.jpg,Reduced mucosal view
Image_12727.jpg,Reduced mucosal view
Image_18992.jpg,Reduced mucosal view
Image_10205.jpg,Reduced mucosal view
Image_7181.jpg,Reduced mucosal view
Image_5026.jpg,Reduced mucosal view
Image_10400.jpg,Reduced mucosal view
Image_6985.jpg,Reduced mucosal view
Image_14605.jpg,Reduced mucosal view
Image_30081.jpg,Reduced mucosal view
Image_13058.jpg,Reduced mucosal view
Image_726.jpg,Reduced mucosal view
Image_20845.jpg,Reduced mucosal view
Image_20852.jpg,Reduced mucosal view
Image_32707.jpg,Reduced mucosal view
Image_6238.jpg,Reduced mucosal view
Image_10317.jpg,Reduced mucosal view
Image_6532.jpg,Reduced mucosal view
Image_33610.jpg,Reduced mucosal view
Image_10585.jpg,Reduced mucosal view
Image_10274.jpg,Reduced mucosal view
Image_34639.jpg,Reduced mucosal view
Image_32850.jpg,Reduced mucosal view
Image_31140.jpg,Reduced mucosal view
Image_10479.jpg,Reduced mucosal view
Image_26098.jpg,Reduced mucosal view
Image_11557.jpg,Reduced mucosal view
Image_7502.jpg,Reduced mucosal view
Image_10948.jpg,Reduced mucosal view
Image_25431.jpg,Reduced mucosal view
Image_18278.jpg,Reduced mucosal view
Image_11365.jpg,Reduced mucosal view
Image_33072.jpg,Reduced mucosal view
Image_9874.jpg,Reduced mucosal view
Image_13087.jpg,Reduced mucosal view
Image_20835.jpg,Reduced mucosal view
Image_24654.jpg,Reduced mucosal view
Image_9372.jpg,Reduced mucosal view
Image_4176.jpg,Reduced mucosal view
Image_17022.jpg,Reduced mucosal view
Image_15663.jpg,Reduced mucosal view
Image_13498.jpg,Reduced mucosal view
Image_23315.jpg,Reduced mucosal view
Image_1148.jpg,Reduced mucosal view
Image_4721.jpg,Reduced mucosal view
Image_35603.jpg,Reduced mucosal view
Image_37344.jpg,Reduced mucosal view
Image_1189.jpg,Reduced mucosal view
Image_4068.jpg,Reduced mucosal view
Image_19979.jpg,Reduced mucosal view
Image_26721.jpg,Reduced mucosal view
Image_34796.jpg,Reduced mucosal view
Image_20898.jpg,Reduced mucosal view
Image_7637.jpg,Reduced mucosal view
Image_22201.jpg,Reduced mucosal view
Image_12811.jpg,Ileocecal valve
Image_24700.jpg,Ileocecal valve
Image_28860.jpg,Ileocecal valve
Image_13674.jpg,Ileocecal valve
Image_36410.jpg,Ileocecal valve
Image_9130.jpg,Ileocecal valve
Image_25731.jpg,Ileocecal valve
Image_11187.jpg,Ileocecal valve
Image_10303.jpg,Ileocecal valve
Image_30190.jpg,Ileocecal valve
Image_35925.jpg,Ileocecal valve
Image_12712.jpg,Ileocecal valve
Image_37630.jpg,Ileocecal valve
Image_20870.jpg,Ileocecal valve
Image_29556.jpg,Ileocecal valve
Image_16242.jpg,Ileocecal valve
Image_35530.jpg,Ileocecal valve
Image_2300.jpg,Ileocecal valve
Image_4482.jpg,Ileocecal valve
Image_3460.jpg,Ileocecal valve
Image_6553.jpg,Ileocecal valve
Image_34469.jpg,Ileocecal valve
Image_37709.jpg,Ileocecal valve
Image_19263.jpg,Ileocecal valve
Image_1881.jpg,Ileocecal valve
Image_1495.jpg,Ileocecal valve
Image_8946.jpg,Ileocecal valve
Image_31650.jpg,Ileocecal valve
Image_26630.jpg,Ileocecal valve
Image_8793.jpg,Ileocecal valve
Image_25468.jpg,Ileocecal valve
Image_6747.jpg,Ileocecal valve
Image_8140.jpg,Ileocecal valve
Image_22200.jpg,Ileocecal valve
Image_27073.jpg,Ileocecal valve
Image_745.jpg,Ileocecal valve
Image_35823.jpg,Ileocecal valve
Image_25584.jpg,Ileocecal valve
Image_37448.jpg,Ileocecal valve
Image_4955.jpg,Ileocecal valve
Image_26701.jpg,Ileocecal valve
Image_30182.jpg,Ileocecal valve
Image_15332.jpg,Ileocecal valve
Image_24780.jpg,Ileocecal valve
Image_3596.jpg,Ileocecal valve
Image_30752.jpg,Ileocecal valve
Image_11938.jpg,Ileocecal valve
Image_33529.jpg,Ileocecal valve
Image_23974.jpg,Ileocecal valve
Image_3502.jpg,Ileocecal valve
Image_2928.jpg,Ileocecal valve
Image_32522.jpg,Ileocecal valve
Image_3284.jpg,Ileocecal valve
Image_19907.jpg,Ileocecal valve
Image_16506.jpg,Ileocecal valve
Image_35771.jpg,Ileocecal valve
Image_326.jpg,Ileocecal valve
Image_21181.jpg,Ileocecal valve
Image_21406.jpg,Ileocecal valve
Image_12441.jpg,Ileocecal valve
Image_29670.jpg,Ileocecal valve
Image_544.jpg,Ileocecal valve
Image_32386.jpg,Ileocecal valve
Image_28714.jpg,Ileocecal valve
Image_1970.jpg,Ileocecal valve
Image_35462.jpg,Ileocecal valve
Image_18764.jpg,Ileocecal valve
Image_35060.jpg,Ileocecal valve
Image_6341.jpg,Ileocecal valve
Image_8820.jpg,Ileocecal valve
Image_22225.jpg,Ileocecal valve
Image_7547.jpg,Ileocecal valve
Image_13451.jpg,Ileocecal valve
Image_21491.jpg,Ileocecal valve
Image_2098.jpg,Ileocecal valve
Image_7659.jpg,Ileocecal valve
Image_8568.jpg,Ileocecal valve
Image_5776.jpg,Ileocecal valve
Image_23705.jpg,Ileocecal valve
Image_37789.jpg,Ileocecal valve
Image_9765.jpg,Ileocecal valve
Image_9985.jpg,Ileocecal valve
Image_17134.jpg,Ileocecal valve
Image_12678.jpg,Ileocecal valve
Image_15596.jpg,Ileocecal valve
Image_26266.jpg,Ileocecal valve
Image_4672.jpg,Ileocecal valve
Image_34259.jpg,Ileocecal valve
Image_20429.jpg,Ileocecal valve
Image_342.jpg,Ileocecal valve
Image_28234.jpg,Ileocecal valve
Image_17541.jpg,Ileocecal valve
Image_30707.jpg,Ileocecal valve
Image_11977.jpg,Ileocecal valve
Image_26690.jpg,Ileocecal valve
Image_17258.jpg,Ileocecal valve
Image_12969.jpg,Ileocecal valve
Image_5486.jpg,Ileocecal valve
Image_34783.jpg,Ileocecal valve
Image_1533.jpg,Ileocecal valve
Image_9197.jpg,Ileocecal valve
Image_19184.jpg,Ileocecal valve
Image_16115.jpg,Ileocecal valve
Image_9579.jpg,Ileocecal valve
Image_18406.jpg,Ileocecal valve
Image_8713.jpg,Ileocecal valve
Image_22816.jpg,Ileocecal valve
Image_571.jpg,Ileocecal valve
Image_22872.jpg,Ileocecal valve
Image_28691.jpg,Ileocecal valve
Image_2751.jpg,Ileocecal valve
Image_21679.jpg,Ileocecal valve
Image_168.jpg,Ileocecal valve
Image_4800.jpg,Ileocecal valve
Image_5895.jpg,Ileocecal valve
Image_9387.jpg,Ileocecal valve
Image_17908.jpg,Ileocecal valve
Image_35242.jpg,Ileocecal valve
Image_35343.jpg,Ileocecal valve
Image_8410.jpg,Ileocecal valve
Image_15837.jpg,Ileocecal valve
Image_11851.jpg,Ileocecal valve
Image_15182.jpg,Ileocecal valve
Image_37006.jpg,Ileocecal valve
Image_3699.jpg,Ileocecal valve
Image_6324.jpg,Ileocecal valve
Image_11791.jpg,Ileocecal valve
Image_16003.jpg,Ileocecal valve
Image_15032.jpg,Ileocecal valve
Image_30259.jpg,Ileocecal valve
Image_29588.jpg,Ileocecal valve
Image_19244.jpg,Ileocecal valve
Image_883.jpg,Ileocecal valve
Image_2208.jpg,Ileocecal valve
Image_5546.jpg,Ileocecal valve
Image_1007.jpg,Ileocecal valve
Image_27702.jpg,Ileocecal valve
Image_9069.jpg,Ileocecal valve
Image_21412.jpg,Ileocecal valve
Image_4230.jpg,Ileocecal valve
Image_9303.jpg,Ileocecal valve
Image_30049.jpg,Ileocecal valve
Image_3296.jpg,Ileocecal valve
Image_2217.jpg,Ileocecal valve
Image_13988.jpg,Ileocecal valve
Image_32876.jpg,Ileocecal valve
Image_15226.jpg,Ileocecal valve
Image_25720.jpg,Ileocecal valve
Image_10430.jpg,Ileocecal valve
Image_10606.jpg,Ileocecal valve
Image_12240.jpg,Ileocecal valve
Image_18561.jpg,Ileocecal valve
Image_16839.jpg,Ileocecal valve
Image_18541.jpg,Ileocecal valve
Image_19931.jpg,Ileocecal valve
Image_31421.jpg,Ileocecal valve
Image_25428.jpg,Ileocecal valve
Image_8260.jpg,Ileocecal valve
Image_12985.jpg,Ileocecal valve
Image_36556.jpg,Ileocecal valve
Image_4429.jpg,Ileocecal valve
Image_21493.jpg,Ileocecal valve
Image_15566.jpg,Ileocecal valve
Image_9610.jpg,Ileocecal valve
Image_27342.jpg,Ileocecal valve
Image_11486.jpg,Ileocecal valve
Image_4662.jpg,Ileocecal valve
Image_7352.jpg,Ileocecal valve
Image_17767.jpg,Ileocecal valve
Image_23908.jpg,Ileocecal valve
Image_26735.jpg,Ileocecal valve
Image_35212.jpg,Ileocecal valve
Image_8194.jpg,Ileocecal valve
Image_7019.jpg,Ileocecal valve
Image_34015.jpg,Ileocecal valve
Image_1088.jpg,Ileocecal valve
Image_19850.jpg,Ileocecal valve
Image_35938.jpg,Ileocecal valve
Image_12548.jpg,Ileocecal valve
Image_20828.jpg,Ileocecal valve
Image_15250.jpg,Ileocecal valve
Image_15269.jpg,Ileocecal valve
Image_25713.jpg,Ileocecal valve
Image_9207.jpg,Ileocecal valve
Image_30109.jpg,Ileocecal valve
Image_2727.jpg,Ileocecal valve
Image_33035.jpg,Ileocecal valve
Image_452.jpg,Ileocecal valve
Image_6704.jpg,Ileocecal valve
Image_3385.jpg,Ileocecal valve
Image_828.jpg,Ileocecal valve
Image_34021.jpg,Ileocecal valve
Image_23864.jpg,Ileocecal valve
Image_17859.jpg,Ileocecal valve
Image_19615.jpg,Ileocecal valve
Image_9792.jpg,Ileocecal valve
Image_20658.jpg,Ileocecal valve
Image_32739.jpg,Ileocecal valve
Image_13730.jpg,Ileocecal valve
Image_1824.jpg,Ileocecal valve
Image_4233.jpg,Lymphangiectasia
Image_5852.jpg,Lymphangiectasia
Image_2345.jpg,Lymphangiectasia
Image_29954.jpg,Lymphangiectasia
Image_19086.jpg,Lymphangiectasia
Image_23224.jpg,Lymphangiectasia
Image_16515.jpg,Lymphangiectasia
Image_317.jpg,Lymphangiectasia
Image_9850.jpg,Lymphangiectasia
Image_5604.jpg,Lymphangiectasia
Image_6055.jpg,Lymphangiectasia
Image_14372.jpg,Lymphangiectasia
Image_28093.jpg,Lymphangiectasia
Image_13936.jpg,Lymphangiectasia
Image_36631.jpg,Lymphangiectasia
Image_22701.jpg,Lymphangiectasia
Image_11649.jpg,Lymphangiectasia
Image_6898.jpg,Lymphangiectasia
Image_34099.jpg,Lymphangiectasia
Image_5988.jpg,Lymphangiectasia
Image_61.jpg,Lymphangiectasia
Image_37145.jpg,Lymphangiectasia
Image_572.jpg,Lymphangiectasia
Image_12015.jpg,Lymphangiectasia
Image_5884.jpg,Lymphangiectasia
Image_25451.jpg,Lymphangiectasia
Image_33131.jpg,Lymphangiectasia
Image_5866.jpg,Lymphangiectasia
Image_2211.jpg,Lymphangiectasia
Image_36974.jpg,Lymphangiectasia
Image_8525.jpg,Lymphangiectasia
Image_15518.jpg,Lymphangiectasia
Image_7336.jpg,Lymphangiectasia
Image_32870.jpg,Lymphangiectasia
Image_1631.jpg,Lymphangiectasia
Image_2746.jpg,Lymphangiectasia
Image_21192.jpg,Lymphangiectasia
Image_37134.jpg,Lymphangiectasia
Image_12183.jpg,Lymphangiectasia
Image_31666.jpg,Lymphangiectasia
Image_28790.jpg,Lymphangiectasia
Image_27415.jpg,Lymphangiectasia
Image_29422.jpg,Lymphangiectasia
Image_34588.jpg,Lymphangiectasia
Image_26604.jpg,Lymphangiectasia
Image_16257.jpg,Lymphangiectasia
Image_23868.jpg,Lymphangiectasia
Image_5823.jpg,Lymphangiectasia
Image_6670.jpg,Lymphangiectasia
Image_20528.jpg,Lymphangiectasia
Image_33213.jpg,Lymphangiectasia
Image_22336.jpg,Lymphangiectasia
Image_20404.jpg,Lymphangiectasia
Image_34094.jpg,Lymphangiectasia
Image_20837.jpg,Lymphangiectasia
Image_31311.jpg,Lymphangiectasia
Image_6082.jpg,Lymphangiectasia
Image_34753.jpg,Lymphangiectasia
Image_4921.jpg,Lymphangiectasia
Image_36295.jpg,Lymphangiectasia
Image_11068.jpg,Lymphangiectasia
Image_24489.jpg,Lymphangiectasia
Image_36860.jpg,Lymphangiectasia
Image_13943.jpg,Lymphangiectasia
Image_6329.jpg,Lymphangiectasia
Image_31694.jpg,Lymphangiectasia
Image_35020.jpg,Lymphangiectasia
Image_36530.jpg,Lymphangiectasia
Image_25741.jpg,Lymphangiectasia
Image_33404.jpg,Lymphangiectasia
Image_33098.jpg,Lymphangiectasia
Image_1345.jpg,Lymphangiectasia
Image_25341.jpg,Lymphangiectasia
Image_30028.jpg,Lymphangiectasia
Image_1659.jpg,Lymphangiectasia
Image_24581.jpg,Lymphangiectasia
Image_25293.jpg,Lymphangiectasia
Image_4335.jpg,Lymphangiectasia
Image_15996.jpg,Lymphangiectasia
Image_8874.jpg,Lymphangiectasia
Image_35137.jpg,Lymphangiectasia
Image_33284.jpg,Lymphangiectasia
Image_29096.jpg,Lymphangiectasia
Image_32136.jpg,Lymphangiectasia
Image_2036.jpg,Lymphangiectasia
Image_26394.jpg,Lymphangiectasia
Image_28556.jpg,Lymphangiectasia
Image_22464.jpg,Lymphangiectasia
Image_3212.jpg,Lymphangiectasia
Image_15136.jpg,Lymphangiectasia
Image_26076.jpg,Lymphangiectasia
Image_10494.jpg,Lymphangiectasia
Image_36646.jpg,Lymphangiectasia
Image_17359.jpg,Lymphangiectasia
Image_15917.jpg,Lymphangiectasia
Image_24745.jpg,Lymphangiectasia
Image_1755.jpg,Lymphangiectasia
Image_31736.jpg,Lymphangiectasia
Image_3513.jpg,Lymphangiectasia
Image_19312.jpg,Lymphangiectasia
Image_9753.jpg,Lymphangiectasia
Image_36846.jpg,Lymphangiectasia
Image_13300.jpg,Lymphangiectasia
Image_4348.jpg,Lymphangiectasia
Image_33303.jpg,Lymphangiectasia
Image_16406.jpg,Lymphangiectasia
Image_31822.jpg,Lymphangiectasia
Image_1968.jpg,Lymphangiectasia
Image_1474.jpg,Lymphangiectasia
Image_5087.jpg,Lymphangiectasia
Image_13630.jpg,Lymphangiectasia
Image_6514.jpg,Lymphangiectasia
Image_2288.jpg,Lymphangiectasia
Image_6424.jpg,Lymphangiectasia
Image_26273.jpg,Lymphangiectasia
Image_14622.jpg,Lymphangiectasia
Image_11303.jpg,Lymphangiectasia
Image_25515.jpg,Lymphangiectasia
Image_24896.jpg,Lymphangiectasia
Image_6911.jpg,Lymphangiectasia
Image_28223.jpg,Lymphangiectasia
Image_10453.jpg,Lymphangiectasia
Image_21654.jpg,Lymphangiectasia
Image_31804.jpg,Lymphangiectasia
Image_26499.jpg,Lymphangiectasia
Image_32470.jpg,Lymphangiectasia
Image_7809.jpg,Lymphangiectasia
Image_34981.jpg,Lymphangiectasia
Image_13701.jpg,Lymphangiectasia
Image_234.jpg,Lymphangiectasia
Image_8837.jpg,Lymphangiectasia
Image_3386.jpg,Lymphangiectasia
Image_1429.jpg,Lymphangiectasia
Image_34780.jpg,Lymphangiectasia
Image_26984.jpg,Lymphangiectasia
Image_215.jpg,Lymphangiectasia
Image_15184.jpg,Lymphangiectasia
Image_4668.jpg,Lymphangiectasia
Image_8387.jpg,Lymphangiectasia
Image_24088.jpg,Lymphangiectasia
Image_18396.jpg,Lymphangiectasia
Image_2187.jpg,Lymphangiectasia
Image_22461.jpg,Lymphangiectasia
Image_12024.jpg,Lymphangiectasia
Image_2087.jpg,Lymphangiectasia
Image_273.jpg,Lymphangiectasia
Image_34388.jpg,Lymphangiectasia
Image_8275.jpg,Lymphangiectasia
Image_19199.jpg,Lymphangiectasia
Image_35114.jpg,Lymphangiectasia
Image_8972.jpg,Lymphangiectasia
Image_8597.jpg,Lymphangiectasia
Image_16323.jpg,Lymphangiectasia
Image_12327.jpg,Lymphangiectasia
Image_19298.jpg,Lymphangiectasia
Image_32072.jpg,Lymphangiectasia
Image_28478.jpg,Lymphangiectasia
Image_33687.jpg,Lymphangiectasia
Image_29547.jpg,Lymphangiectasia
Image_30592.jpg,Lymphangiectasia
Image_33592.jpg,Lymphangiectasia
Image_11325.jpg,Lymphangiectasia
Image_27600.jpg,Lymphangiectasia
Image_19623.jpg,Lymphangiectasia
Image_19395.jpg,Lymphangiectasia
Image_28271.jpg,Lymphangiectasia
Image_14730.jpg,Lymphangiectasia
Image_30956.jpg,Lymphangiectasia
Image_8314.jpg,Lymphangiectasia
Image_29849.jpg,Lymphangiectasia
Image_11531.jpg,Lymphangiectasia
Image_17868.jpg,Lymphangiectasia
Image_11909.jpg,Lymphangiectasia
Image_35472.jpg,Lymphangiectasia
Image_31919.jpg,Lymphangiectasia
Image_6423.jpg,Lymphangiectasia
Image_33046.jpg,Lymphangiectasia
Image_13035.jpg,Lymphangiectasia
Image_17824.jpg,Lymphangiectasia
Image_15798.jpg,Lymphangiectasia
Image_5863.jpg,Lymphangiectasia
Image_19083.jpg,Lymphangiectasia
Image_17845.jpg,Lymphangiectasia
Image_17311.jpg,Lymphangiectasia
Image_9103.jpg,Lymphangiectasia
Image_20763.jpg,Lymphangiectasia
Image_35674.jpg,Lymphangiectasia
Image_17522.jpg,Lymphangiectasia
Image_26702.jpg,Lymphangiectasia
Image_15572.jpg,Lymphangiectasia
Image_35895.jpg,Lymphangiectasia
Image_32349.jpg,Lymphangiectasia
Image_34131.jpg,Lymphangiectasia
Image_19785.jpg,Lymphangiectasia
Image_2551.jpg,Lymphangiectasia
Image_11241.jpg,Lymphangiectasia
Image_32969.jpg,Lymphangiectasia
Image_30371.jpg,Lymphangiectasia
Image_21033.jpg,Lymphangiectasia
Image_31576.jpg,Lymphangiectasia
Image_15408.jpg,ulcer
Image_6961.jpg,ulcer
Image_10955.jpg,ulcer
Image_5599.jpg,ulcer
Image_15904.jpg,ulcer
Image_20421.jpg,ulcer
Image_19407.jpg,ulcer
Image_7763.jpg,ulcer
Image_18355.jpg,ulcer
Image_32338.jpg,ulcer
Image_17534.jpg,ulcer
Image_28115.jpg,ulcer
Image_10996.jpg,ulcer
Image_8475.jpg,ulcer
Image_14368.jpg,ulcer
Image_11214.jpg,ulcer
Image_4340.jpg,ulcer
Image_2386.jpg,ulcer
Image_21356.jpg,ulcer
Image_8846.jpg,ulcer
Image_7312.jpg,ulcer
Image_35988.jpg,ulcer
Image_20489.jpg,ulcer
Image_15377.jpg,ulcer
Image_16736.jpg,ulcer
Image_35460.jpg,ulcer
Image_11569.jpg,ulcer
Image_31932.jpg,ulcer
Image_6545.jpg,ulcer
Image_25673.jpg,ulcer
Image_18111.jpg,ulcer
Image_27252.jpg,ulcer
Image_15971.jpg,ulcer
Image_2686.jpg,ulcer
Image_3540.jpg,ulcer
Image_31426.jpg,ulcer
Image_25064.jpg,ulcer
Image_20771.jpg,ulcer
Image_5227.jpg,ulcer
Image_3221.jpg,ulcer
Image_6302.jpg,ulcer
Image_10972.jpg,ulcer
Image_24155.jpg,ulcer
Image_397.jpg,ulcer
Image_15527.jpg,ulcer
Image_33925.jpg,ulcer
Image_8046.jpg,ulcer
Image_17977.jpg,ulcer
Image_37298.jpg,ulcer
Image_1154.jpg,ulcer
Image_3748.jpg,ulcer
Image_34857.jpg,ulcer
Image_19720.jpg,ulcer
Image_14350.jpg,ulcer
Image_36955.jpg,ulcer
Image_27377.jpg,ulcer
Image_2430.jpg,ulcer
Image_14556.jpg,ulcer
Image_29013.jpg,ulcer
Image_5756.jpg,ulcer
Image_6546.jpg,ulcer
Image_23065.jpg,ulcer
Image_98.jpg,ulcer
Image_22966.jpg,ulcer
Image_37449.jpg,ulcer
Image_19390.jpg,ulcer
Image_17142.jpg,ulcer
Image_4576.jpg,ulcer
Image_36577.jpg,ulcer
Image_3846.jpg,ulcer
Image_22287.jpg,ulcer
Image_15340.jpg,ulcer
Image_3508.jpg,ulcer
Image_8461.jpg,ulcer
Image_15592.jpg,ulcer
Image_2584.jpg,ulcer
Image_29223.jpg,ulcer
Image_1149.jpg,ulcer
Image_3086.jpg,ulcer
Image_10558.jpg,ulcer
Image_11012.jpg,ulcer
Image_1991.jpg,ulcer
Image_3134.jpg,ulcer
Image_10234.jpg,ulcer
Image_26531.jpg,ulcer
Image_11331.jpg,ulcer
Image_6362.jpg,ulcer
Image_28469.jpg,ulcer
Image_7550.jpg,ulcer
Image_31045.jpg,ulcer
Image_28627.jpg,ulcer
Image_2796.jpg,ulcer
Image_35214.jpg,ulcer
Image_2134.jpg,ulcer
Image_18103.jpg,ulcer
Image_6258.jpg,ulcer
Image_1699.jpg,ulcer
Image_16086.jpg,ulcer
Image_13615.jpg,ulcer
Image_246.jpg,ulcer
Image_32375.jpg,ulcer
Image_19041.jpg,ulcer
Image_14062.jpg,ulcer
Image_7976.jpg,ulcer
Image_32735.jpg,ulcer
Image_18695.jpg,ulcer
Image_18020.jpg,ulcer
Image_37493.jpg,ulcer
Image_9745.jpg,ulcer
Image_4088.jpg,ulcer
Image_8947.jpg,ulcer
Image_15370.jpg,ulcer
Image_13440.jpg,ulcer
Image_34911.jpg,ulcer
Image_9486.jpg,ulcer
Image_27222.jpg,ulcer
Image_1914.jpg,ulcer
Image_26503.jpg,ulcer
Image_5134.jpg,ulcer
Image_29111.jpg,ulcer
Image_2465.jpg,ulcer
Image_36612.jpg,ulcer
Image_15048.jpg,ulcer
Image_26964.jpg,ulcer
Image_34809.jpg,ulcer
Image_12103.jpg,ulcer
Image_32679.jpg,ulcer
Image_17344.jpg,ulcer
Image_941.jpg,ulcer
Image_22105.jpg,ulcer
Image_33458.jpg,ulcer
Image_35237.jpg,ulcer
Image_5268.jpg,ulcer
Image_3898.jpg,ulcer
Image_2307.jpg,ulcer
Image_10587.jpg,ulcer
Image_30198.jpg,ulcer
Image_23252.jpg,ulcer
Image_13838.jpg,ulcer
Image_32427.jpg,ulcer
Image_718.jpg,ulcer
Image_19151.jpg,ulcer
Image_28857.jpg,ulcer
Image_25000.jpg,ulcer
Image_10359.jpg,ulcer
Image_2619.jpg,ulcer
Image_13602.jpg,ulcer
Image_29277.jpg,ulcer
Image_1135.jpg,ulcer
Image_18366.jpg,ulcer
Image_22229.jpg,ulcer
Image_30019.jpg,ulcer
Image_17392.jpg,ulcer
Image_22745.jpg,ulcer
Image_26035.jpg,ulcer
Image_19524.jpg,ulcer
Image_18328.jpg,ulcer
Image_12299.jpg,ulcer
Image_11060.jpg,ulcer
Image_36953.jpg,ulcer
Image_25151.jpg,ulcer
Image_22114.jpg,ulcer
Image_26728.jpg,ulcer
Image_29886.jpg,ulcer
Image_35269.jpg,ulcer
Image_35315.jpg,ulcer
Image_7935.jpg,ulcer
Image_14902.jpg,ulcer
Image_33200.jpg,ulcer
Image_24865.jpg,ulcer
Image_18353.jpg,ulcer
Image_24213.jpg,ulcer
Image_21741.jpg,ulcer
Image_4815.jpg,ulcer
Image_5332.jpg,ulcer
Image_34084.jpg,ulcer
Image_19388.jpg,ulcer
Image_23891.jpg,ulcer
Image_4392.jpg,ulcer
Image_285.jpg,ulcer
Image_4238.jpg,ulcer
Image_28426.jpg,ulcer
Image_23794.jpg,ulcer
Image_35922.jpg,ulcer
Image_19734.jpg,ulcer
Image_19273.jpg,ulcer
Image_13323.jpg,ulcer
Image_6799.jpg,ulcer
Image_13604.jpg,ulcer
Image_1966.jpg,ulcer
Image_1940.jpg,ulcer
Image_3251.jpg,ulcer
Image_8228.jpg,ulcer
Image_33959.jpg,ulcer
Image_33080.jpg,ulcer
Image_2913.jpg,ulcer
Image_410.jpg,ulcer
Image_23711.jpg,ulcer
Image_34223.jpg,ulcer
Image_32480.jpg,ulcer
Image_21250.jpg,Angiectasia
Image_36115.jpg,Angiectasia
Image_14359.jpg,Angiectasia
Image_18819.jpg,Angiectasia
Image_17810.jpg,Angiectasia
Image_12046.jpg,Angiectasia
Image_20377.jpg,Angiectasia
Image_10417.jpg,Angiectasia
Image_18725.jpg,Angiectasia
Image_14357.jpg,Angiectasia
Image_17496.jpg,Angiectasia
Image_9889.jpg,Angiectasia
Image_26551.jpg,Angiectasia
Image_4771.jpg,Angiectasia
Image_20876.jpg,Angiectasia
Image_22822.jpg,Angiectasia
Image_24712.jpg,Angiectasia
Image_37463.jpg,Angiectasia
Image_35527.jpg,Angiectasia
Image_30089.jpg,Angiectasia
Image_30220.jpg,Angiectasia
Image_18794.jpg,Angiectasia
Image_16038.jpg,Angiectasia
Image_22933.jpg,Angiectasia
Image_34617.jpg,Angiectasia
Image_18227.jpg,Angiectasia
Image_14090.jpg,Angiectasia
Image_3272.jpg,Angiectasia
Image_25722.jpg,Angiectasia
Image_23279.jpg,Angiectasia
Image_7957.jpg,Angiectasia
Image_35654.jpg,Angiectasia
Image_8152.jpg,Angiectasia
Image_6221.jpg,Angiectasia
Image_19902.jpg,Angiectasia
Image_13418.jpg,Angiectasia
Image_12104.jpg,Angiectasia
Image_36589.jpg,Angiectasia
Image_13890.jpg,Angiectasia
Image_7937.jpg,Angiectasia
Image_13993.jpg,Angiectasia
Image_4214.jpg,Angiectasia
Image_19590.jpg,Angiectasia
Image_32005.jpg,Angiectasia
Image_35355.jpg,Angiectasia
Image_32649.jpg,Angiectasia
Image_35903.jpg,Angiectasia
Image_29518.jpg,Angiectasia
Image_4756.jpg,Angiectasia
Image_26580.jpg,Angiectasia
Image_15298.jpg,Angiectasia
Image_5403.jpg,Angiectasia
Image_26492.jpg,Angiectasia
Image_750.jpg,Angiectasia
Image_3671.jpg,Angiectasia
Image_25471.jpg,Angiectasia
Image_30498.jpg,Angiectasia
Image_32336.jpg,Angiectasia
Image_29579.jpg,Angiectasia
Image_32167.jpg,Angiectasia
Image_1951.jpg,Angiectasia
Image_12633.jpg,Angiectasia
Image_28194.jpg,Angiectasia
Image_4770.jpg,Angiectasia
Image_20419.jpg,Angiectasia
Image_32010.jpg,Angiectasia
Image_12020.jpg,Angiectasia
Image_3298.jpg,Angiectasia
Image_8113.jpg,Angiectasia
Image_17280.jpg,Angiectasia
Image_13040.jpg,Angiectasia
Image_217.jpg,Angiectasia
Image_34726.jpg,Angiectasia
Image_4806.jpg,Angiectasia
Image_21160.jpg,Angiectasia
Image_37491.jpg,Angiectasia
Image_19157.jpg,Angiectasia
Image_32953.jpg,Angiectasia
Image_6899.jpg,Angiectasia
Image_32794.jpg,Angiectasia
Image_13947.jpg,Angiectasia
Image_31182.jpg,Angiectasia
Image_37226.jpg,Angiectasia
Image_34242.jpg,Angiectasia
Image_7714.jpg,Angiectasia
Image_16625.jpg,Angiectasia
Image_3601.jpg,Angiectasia
Image_9056.jpg,Angiectasia
Image_1864.jpg,Angiectasia
Image_4064.jpg,Angiectasia
Image_27971.jpg,Angiectasia
Image_12745.jpg,Angiectasia
Image_3005.jpg,Angiectasia
Image_29602.jpg,Angiectasia
Image_4065.jpg,Angiectasia
Image_10710.jpg,Angiectasia
Image_9851.jpg,Angiectasia
Image_28697.jpg,Angiectasia
Image_26213.jpg,Angiectasia
Image_36826.jpg,Angiectasia
Image_28021.jpg,Angiectasia
Image_17903.jpg,Angiectasia
Image_13976.jpg,Angiectasia
Image_17705.jpg,Angiectasia
Image_3758.jpg,Angiectasia
Image_21652.jpg,Angiectasia
Image_3154.jpg,Angiectasia
Image_6877.jpg,Angiectasia
Image_14641.jpg,Angiectasia
Image_2504.jpg,Angiectasia
Image_34331.jpg,Angiectasia
Image_11220.jpg,Angiectasia
Image_376.jpg,Angiectasia
Image_5870.jpg,Angiectasia
Image_9437.jpg,Angiectasia
Image_37365.jpg,Angiectasia
Image_13220.jpg,Angiectasia
Image_11553.jpg,Angiectasia
Image_29566.jpg,Angiectasia
Image_8695.jpg,Angiectasia
Image_19316.jpg,Angiectasia
Image_26579.jpg,Angiectasia
Image_12170.jpg,Angiectasia
Image_37528.jpg,Angiectasia
Image_27782.jpg,Angiectasia
Image_5171.jpg,Angiectasia
Image_19689.jpg,Angiectasia
Image_16363.jpg,Angiectasia
Image_24450.jpg,Angiectasia
Image_2592.jpg,Angiectasia
Image_6157.jpg,Angiectasia
Image_35338.jpg,Angiectasia
Image_3315.jpg,Angiectasia
Image_16517.jpg,Angiectasia
Image_28591.jpg,Angiectasia
Image_1514.jpg,Angiectasia
Image_9544.jpg,Angiectasia
Image_29282.jpg,Angiectasia
Image_19091.jpg,Angiectasia
Image_6226.jpg,Angiectasia
Image_4829.jpg,Angiectasia
Image_3186.jpg,Angiectasia
Image_12574.jpg,Angiectasia
Image_34460.jpg,Angiectasia
Image_25239.jpg,Angiectasia
Image_34845.jpg,Angiectasia
Image_18154.jpg,Angiectasia
Image_30112.jpg,Angiectasia
Image_1342.jpg,Angiectasia
Image_16159.jpg,Angiectasia
Image_36613.jpg,Angiectasia
Image_34879.jpg,Angiectasia
Image_33733.jpg,Angiectasia
Image_3625.jpg,Angiectasia
Image_28645.jpg,Angiectasia
Image_22290.jpg,Angiectasia
Image_1786.jpg,Angiectasia
Image_10660.jpg,Angiectasia
Image_28933.jpg,Angiectasia
Image_29956.jpg,Angiectasia
Image_18157.jpg,Angiectasia
Image_24281.jpg,Angiectasia
Image_22591.jpg,Angiectasia
Image_21305.jpg,Angiectasia
Image_18994.jpg,Angiectasia
Image_16884.jpg,Angiectasia
Image_23954.jpg,Angiectasia
Image_28303.jpg,Angiectasia
Image_19777.jpg,Angiectasia
Image_12243.jpg,Angiectasia
Image_34812.jpg,Angiectasia
Image_22036.jpg,Angiectasia
Image_10336.jpg,Angiectasia
Image_35563.jpg,Angiectasia
Image_9742.jpg,Angiectasia
Image_15674.jpg,Angiectasia
Image_33383.jpg,Angiectasia
Image_37740.jpg,Angiectasia
Image_33262.jpg,Angiectasia
Image_15203.jpg,Angiectasia
Image_22607.jpg,Angiectasia
Image_5945.jpg,Angiectasia
Image_6692.jpg,Angiectasia
Image_34453.jpg,Angiectasia
Image_12007.jpg,Angiectasia
Image_14437.jpg,Angiectasia
Image_5479.jpg,Angiectasia
Image_465.jpg,Angiectasia
Image_5297.jpg,Angiectasia
Image_29399.jpg,Angiectasia
Image_20992.jpg,Angiectasia
Image_29053.jpg,Angiectasia
Image_22367.jpg,Angiectasia
Image_19855.jpg,Angiectasia
Image_11667.jpg,Angiectasia
Image_8482.jpg,Angiectasia
Image_1770.jpg,Angiectasia
Image_2939.jpg,Angiectasia
Image_2855.jpg,Angiectasia
Image_4265.jpg,Angiectasia
Image_20581.jpg,Pylorus
Image_6876.jpg,Pylorus
Image_5009.jpg,Pylorus
Image_21010.jpg,Pylorus
Image_27784.jpg,Pylorus
Image_5374.jpg,Pylorus
Image_34271.jpg,Pylorus
Image_3851.jpg,Pylorus
Image_19052.jpg,Pylorus
Image_16713.jpg,Pylorus
Image_25487.jpg,Pylorus
Image_11659.jpg,Pylorus
Image_22141.jpg,Pylorus
Image_18692.jpg,Pylorus
Image_3659.jpg,Pylorus
Image_18019.jpg,Pylorus
Image_27540.jpg,Pylorus
Image_10975.jpg,Pylorus
Image_22104.jpg,Pylorus
Image_19538.jpg,Pylorus
Image_11119.jpg,Pylorus
Image_22343.jpg,Pylorus
Image_1807.jpg,Pylorus
Image_21071.jpg,Pylorus
Image_30717.jpg,Pylorus
Image_9327.jpg,Pylorus
Image_10830.jpg,Pylorus
Image_32619.jpg,Pylorus
Image_26160.jpg,Pylorus
Image_8546.jpg,Pylorus
Image_13564.jpg,Pylorus
Image_34052.jpg,Pylorus
Image_18483.jpg,Pylorus
Image_22831.jpg,Pylorus
Image_37772.jpg,Pylorus
Image_27774.jpg,Pylorus
Image_1797.jpg,Pylorus
Image_23124.jpg,Pylorus
Image_6299.jpg,Pylorus
Image_18849.jpg,Pylorus
Image_26678.jpg,Pylorus
Image_13304.jpg,Pylorus
Image_18839.jpg,Pylorus
Image_21997.jpg,Pylorus
Image_26429.jpg,Pylorus
Image_22779.jpg,Pylorus
Image_30412.jpg,Pylorus
Image_11546.jpg,Pylorus
Image_30289.jpg,Pylorus
Image_36775.jpg,Pylorus
Image_27744.jpg,Pylorus
Image_3418.jpg,Pylorus
Image_17431.jpg,Pylorus
Image_9211.jpg,Pylorus
Image_2652.jpg,Pylorus
Image_2705.jpg,Pylorus
Image_7277.jpg,Pylorus
Image_19480.jpg,Pylorus
Image_16788.jpg,Pylorus
Image_14469.jpg,Pylorus
Image_8386.jpg,Pylorus
Image_19828.jpg,Pylorus
Image_8689.jpg,Pylorus
Image_1948.jpg,Pylorus
Image_31897.jpg,Pylorus
Image_4270.jpg,Pylorus
Image_12926.jpg,Pylorus
Image_33289.jpg,Pylorus
Image_23134.jpg,Pylorus
Image_28733.jpg,Pylorus
Image_34963.jpg,Pylorus
Image_27610.jpg,Pylorus
Image_31614.jpg,Pylorus
Image_2550.jpg,Pylorus
Image_37695.jpg,Pylorus
Image_862.jpg,Pylorus
Image_18385.jpg,Pylorus
Image_4155.jpg,Pylorus
Image_2214.jpg,Pylorus
Image_19506.jpg,Pylorus
Image_28728.jpg,Pylorus
Image_10381.jpg,Pylorus
Image_2765.jpg,Pylorus
Image_25834.jpg,Pylorus
Image_34384.jpg,Pylorus
Image_11619.jpg,Pylorus
Image_23845.jpg,Pylorus
Image_34396.jpg,Pylorus
Image_9498.jpg,Pylorus
Image_17306.jpg,Pylorus
Image_26244.jpg,Pylorus
Image_28648.jpg,Pylorus
Image_20765.jpg,Pylorus
Image_1977.jpg,Pylorus
Image_9574.jpg,Pylorus
Image_25208.jpg,Pylorus
Image_6662.jpg,Pylorus
Image_16387.jpg,Pylorus
Image_37732.jpg,Pylorus
Image_28999.jpg,Pylorus
Image_5432.jpg,Pylorus
Image_22900.jpg,Pylorus
Image_2057.jpg,Pylorus
Image_35578.jpg,Pylorus
Image_20787.jpg,Pylorus
Image_28023.jpg,Pylorus
Image_2165.jpg,Pylorus
Image_2943.jpg,Pylorus
Image_29823.jpg,Pylorus
Image_36670.jpg,Pylorus
Image_3767.jpg,Pylorus
Image_27282.jpg,Pylorus
Image_36643.jpg,Pylorus
Image_26233.jpg,Pylorus
Image_29320.jpg,Pylorus
Image_17360.jpg,Pylorus
Image_14721.jpg,Pylorus
Image_24254.jpg,Pylorus
Image_13531.jpg,Pylorus
Image_21054.jpg,Pylorus
Image_14577.jpg,Pylorus
Image_8207.jpg,Pylorus
Image_29600.jpg,Pylorus
Image_13146.jpg,Pylorus
Image_16906.jpg,Pylorus
Image_20271.jpg,Pylorus
Image_25760.jpg,Pylorus
Image_9476.jpg,Pylorus
Image_22690.jpg,Pylorus
Image_14514.jpg,Pylorus
Image_11518.jpg,Pylorus
Image_18022.jpg,Pylorus
Image_28035.jpg,Pylorus
Image_25613.jpg,Pylorus
Image_9165.jpg,Pylorus
Image_31424.jpg,Pylorus
Image_23577.jpg,Pylorus
Image_7561.jpg,Pylorus
Image_21596.jpg,Pylorus
Image_30147.jpg,Pylorus
Image_18631.jpg,Pylorus
Image_5502.jpg,Pylorus
Image_30753.jpg,Pylorus
Image_36900.jpg,Pylorus
Image_12638.jpg,Pylorus
Image_28434.jpg,Pylorus
Image_26661.jpg,Pylorus
Image_22101.jpg,Pylorus
Image_36087.jpg,Pylorus
Image_27280.jpg,Pylorus
Image_6629.jpg,Pylorus
Image_17454.jpg,Pylorus
Image_7717.jpg,Pylorus
Image_4766.jpg,Pylorus
Image_24684.jpg,Pylorus
Image_29039.jpg,Pylorus
Image_35004.jpg,Pylorus
Image_27360.jpg,Pylorus
Image_9444.jpg,Pylorus
Image_22242.jpg,Pylorus
Image_22233.jpg,Pylorus
Image_20995.jpg,Pylorus
Image_8398.jpg,Pylorus
Image_32172.jpg,Pylorus
Image_27421.jpg,Pylorus
Image_9194.jpg,Pylorus
Image_12993.jpg,Pylorus
Image_28150.jpg,Pylorus
Image_4561.jpg,Pylorus
Image_22299.jpg,Pylorus
Image_6249.jpg,Pylorus
Image_27191.jpg,Pylorus
Image_10060.jpg,Pylorus
Image_5063.jpg,Pylorus
Image_4636.jpg,Pylorus
Image_22385.jpg,Pylorus
Image_12045.jpg,Pylorus
Image_35163.jpg,Pylorus
Image_20261.jpg,Pylorus
Image_29018.jpg,Pylorus
Image_19177.jpg,Pylorus
Image_10794.jpg,Pylorus
Image_34991.jpg,Pylorus
Image_28418.jpg,Pylorus
Image_7530.jpg,Pylorus
Image_13746.jpg,Pylorus
Image_5981.jpg,Pylorus
Image_6822.jpg,Pylorus
Image_5793.jpg,Pylorus
Image_37697.jpg,Pylorus
Image_22803.jpg,Pylorus
Image_5250.jpg,Pylorus
Image_13315.jpg,Pylorus
Image_29599.jpg,Pylorus
Image_5030.jpg,Pylorus
Image_10346.jpg,Pylorus
Image_33822.jpg,Pylorus
Image_10877.jpg,Pylorus
Image_20129.jpg,Pylorus
Image_6322.jpg,Pylorus
Image_5849.jpg,Erosion
Image_19111.jpg,Erosion
Image_35112.jpg,Erosion
Image_3428.jpg,Erosion
Image_3961.jpg,Erosion
Image_6786.jpg,Erosion
Image_12168.jpg,Erosion
Image_30575.jpg,Erosion
Image_32860.jpg,Erosion
Image_23507.jpg,Erosion
Image_32935.jpg,Erosion
Image_6831.jpg,Erosion
Image_26305.jpg,Erosion
Image_35456.jpg,Erosion
Image_14041.jpg,Erosion
Image_22747.jpg,Erosion
Image_15845.jpg,Erosion
Image_32180.jpg,Erosion
Image_766.jpg,Erosion
Image_16989.jpg,Erosion
Image_4904.jpg,Erosion
Image_37343.jpg,Erosion
Image_22734.jpg,Erosion
Image_20525.jpg,Erosion
Image_29780.jpg,Erosion
Image_27767.jpg,Erosion
Image_7218.jpg,Erosion
Image_18047.jpg,Erosion
Image_15483.jpg,Erosion
Image_1882.jpg,Erosion
Image_11855.jpg,Erosion
Image_7781.jpg,Erosion
Image_156.jpg,Erosion
Image_10730.jpg,Erosion
Image_22234.jpg,Erosion
Image_32059.jpg,Erosion
Image_5003.jpg,Erosion
Image_29127.jpg,Erosion
Image_7055.jpg,Erosion
Image_30050.jpg,Erosion
Image_23681.jpg,Erosion
Image_29558.jpg,Erosion
Image_12636.jpg,Erosion
Image_9350.jpg,Erosion
Image_8202.jpg,Erosion
Image_30781.jpg,Erosion
Image_2889.jpg,Erosion
Image_33146.jpg,Erosion
Image_15622.jpg,Erosion
Image_10838.jpg,Erosion
Image_13540.jpg,Erosion
Image_2518.jpg,Erosion
Image_9623.jpg,Erosion
Image_4510.jpg,Erosion
Image_36546.jpg,Erosion
Image_31471.jpg,Erosion
Image_6353.jpg,Erosion
Image_6326.jpg,Erosion
Image_3884.jpg,Erosion
Image_27053.jpg,Erosion
Image_5069.jpg,Erosion
Image_15300.jpg,Erosion
Image_3337.jpg,Erosion
Image_13925.jpg,Erosion
Image_30615.jpg,Erosion
Image_16799.jpg,Erosion
Image_37435.jpg,Erosion
Image_8513.jpg,Erosion
Image_3344.jpg,Erosion
Image_34387.jpg,Erosion
Image_21410.jpg,Erosion
Image_30728.jpg,Erosion
Image_6576.jpg,Erosion
Image_16175.jpg,Erosion
Image_13055.jpg,Erosion
Image_257.jpg,Erosion
Image_4426.jpg,Erosion
Image_7607.jpg,Erosion
Image_22228.jpg,Erosion
Image_37583.jpg,Erosion
Image_33798.jpg,Erosion
Image_32281.jpg,Erosion
Image_20676.jpg,Erosion
Image_189.jpg,Erosion
Image_2186.jpg,Erosion
Image_11231.jpg,Erosion
Image_9994.jpg,Erosion
Image_32686.jpg,Erosion
Image_5286.jpg,Erosion
Image_29634.jpg,Erosion
Image_18190.jpg,Erosion
Image_34400.jpg,Erosion
Image_7720.jpg,Erosion
Image_30482.jpg,Erosion
Image_8830.jpg,Erosion
Image_36990.jpg,Erosion
Image_19681.jpg,Erosion
Image_16241.jpg,Erosion
Image_22062.jpg,Erosion
Image_34095.jpg,Erosion
Image_36770.jpg,Erosion
Image_19142.jpg,Erosion
Image_6459.jpg,Erosion
Image_9073.jpg,Erosion
Image_9220.jpg,Erosion
Image_1976.jpg,Erosion
Image_5690.jpg,Erosion
Image_24765.jpg,Erosion
Image_516.jpg,Erosion
Image_2237.jpg,Erosion
Image_15769.jpg,Erosion
Image_36226.jpg,Erosion
Image_32187.jpg,Erosion
Image_27354.jpg,Erosion
Image_27180.jpg,Erosion
Image_27035.jpg,Erosion
Image_36333.jpg,Erosion
Image_27602.jpg,Erosion
Image_5153.jpg,Erosion
Image_6946.jpg,Erosion
Image_27691.jpg,Erosion
Image_26553.jpg,Erosion
Image_30993.jpg,Erosion
Image_14260.jpg,Erosion
Image_8959.jpg,Erosion
Image_2071.jpg,Erosion
Image_33850.jpg,Erosion
Image_2854.jpg,Erosion
Image_23936.jpg,Erosion
Image_13728.jpg,Erosion
Image_22157.jpg,Erosion
Image_14213.jpg,Erosion
Image_14981.jpg,Erosion
Image_21771.jpg,Erosion
Image_25490.jpg,Erosion
Image_10011.jpg,Erosion
Image_16991.jpg,Erosion
Image_19232.jpg,Erosion
Image_19780.jpg,Erosion
Image_13846.jpg,Erosion
Image_28865.jpg,Erosion
Image_3641.jpg,Erosion
Image_12589.jpg,Erosion
Image_30060.jpg,Erosion
Image_32267.jpg,Erosion
Image_17045.jpg,Erosion
Image_19986.jpg,Erosion
Image_5144.jpg,Erosion
Image_9075.jpg,Erosion
Image_32590.jpg,Erosion
Image_15696.jpg,Erosion
Image_352.jpg,Erosion
Image_26865.jpg,Erosion
Image_25517.jpg,Erosion
Image_13757.jpg,Erosion
Image_974.jpg,Erosion
Image_16965.jpg,Erosion
Image_8345.jpg,Erosion
Image_7004.jpg,Erosion
Image_18030.jpg,Erosion
Image_25860.jpg,Erosion
Image_34211.jpg,Erosion
Image_18082.jpg,Erosion
Image_23271.jpg,Erosion
Image_23036.jpg,Erosion
Image_15275.jpg,Erosion
Image_7453.jpg,Erosion
Image_16944.jpg,Erosion
Image_14866.jpg,Erosion
Image_13686.jpg,Erosion
Image_20369.jpg,Erosion
Image_7693.jpg,Erosion
Image_5836.jpg,Erosion
Image_10510.jpg,Erosion
Image_7808.jpg,Erosion
Image_13235.jpg,Erosion
Image_28044.jpg,Erosion
Image_7865.jpg,Erosion
Image_20552.jpg,Erosion
Image_5833.jpg,Erosion
Image_2749.jpg,Erosion
Image_3648.jpg,Erosion
Image_13317.jpg,Erosion
Image_10429.jpg,Erosion
Image_17245.jpg,Erosion
Image_16304.jpg,Erosion
Image_5828.jpg,Erosion
Image_37321.jpg,Erosion
Image_25891.jpg,Erosion
Image_19519.jpg,Erosion
Image_29790.jpg,Erosion
Image_20107.jpg,Erosion
Image_10812.jpg,Erosion
Image_13596.jpg,Erosion
Image_21322.jpg,Erosion
Image_7368.jpg,Erosion
Image_31077.jpg,Erosion
Image_29996.jpg,Erosion
Image_31108.jpg,Erosion
Image_17463.jpg,Erosion
Image_21819.jpg,Blood - fresh
Image_3789.jpg,Blood - fresh
Image_29551.jpg,Blood - fresh
Image_30692.jpg,Blood - fresh
Image_4967.jpg,Blood - fresh
Image_35245.jpg,Blood - fresh
Image_1638.jpg,Blood - fresh
Image_5035.jpg,Blood - fresh
Image_24107.jpg,Blood - fresh
Image_11040.jpg,Blood - fresh
Image_6672.jpg,Blood - fresh
Image_35529.jpg,Blood - fresh
Image_20298.jpg,Blood - fresh
Image_27856.jpg,Blood - fresh
Image_10787.jpg,Blood - fresh
Image_11361.jpg,Blood - fresh
Image_29628.jpg,Blood - fresh
Image_29576.jpg,Blood - fresh
Image_12653.jpg,Blood - fresh
Image_37439.jpg,Blood - fresh
Image_12756.jpg,Blood - fresh
Image_21688.jpg,Blood - fresh
Image_23755.jpg,Blood - fresh
Image_3047.jpg,Blood - fresh
Image_17670.jpg,Blood - fresh
Image_21543.jpg,Blood - fresh
Image_13781.jpg,Blood - fresh
Image_33267.jpg,Blood - fresh
Image_2238.jpg,Blood - fresh
Image_5904.jpg,Blood - fresh
Image_26652.jpg,Blood - fresh
Image_1064.jpg,Blood - fresh
Image_36368.jpg,Blood - fresh
Image_13823.jpg,Blood - fresh
Image_10228.jpg,Blood - fresh
Image_3662.jpg,Blood - fresh
Image_2077.jpg,Blood - fresh
Image_37640.jpg,Blood - fresh
Image_7679.jpg,Blood - fresh
Image_7361.jpg,Blood - fresh
Image_34618.jpg,Blood - fresh
Image_2695.jpg,Blood - fresh
Image_30999.jpg,Blood - fresh
Image_9246.jpg,Blood - fresh
Image_15454.jpg,Blood - fresh
Image_22492.jpg,Blood - fresh
Image_4950.jpg,Blood - fresh
Image_524.jpg,Blood - fresh
Image_4089.jpg,Blood - fresh
Image_21972.jpg,Blood - fresh
Image_28472.jpg,Blood - fresh
Image_22718.jpg,Blood - fresh
Image_29333.jpg,Blood - fresh
Image_6390.jpg,Blood - fresh
Image_36786.jpg,Blood - fresh
Image_17842.jpg,Blood - fresh
Image_322.jpg,Blood - fresh
Image_10520.jpg,Blood - fresh
Image_6071.jpg,Blood - fresh
Image_24484.jpg,Blood - fresh
Image_5358.jpg,Blood - fresh
Image_4349.jpg,Blood - fresh
Image_20303.jpg,Blood - fresh
Image_6376.jpg,Blood - fresh
Image_5796.jpg,Blood - fresh
Image_6772.jpg,Blood - fresh
Image_36554.jpg,Blood - fresh
Image_18807.jpg,Blood - fresh
Image_25755.jpg,Blood - fresh
Image_7617.jpg,Blood - fresh
Image_28891.jpg,Blood - fresh
Image_18524.jpg,Blood - fresh
Image_28918.jpg,Blood - fresh
Image_34732.jpg,Blood - fresh
Image_29393.jpg,Blood - fresh
Image_5978.jpg,Blood - fresh
Image_25833.jpg,Blood - fresh
Image_37244.jpg,Blood - fresh
Image_1639.jpg,Blood - fresh
Image_5463.jpg,Blood - fresh
Image_12016.jpg,Blood - fresh
Image_813.jpg,Blood - fresh
Image_30631.jpg,Blood - fresh
Image_14421.jpg,Blood - fresh
Image_32416.jpg,Blood - fresh
Image_31937.jpg,Blood - fresh
Image_21548.jpg,Blood - fresh
Image_15484.jpg,Blood - fresh
Image_9872.jpg,Blood - fresh
Image_26974.jpg,Blood - fresh
Image_5157.jpg,Blood - fresh
Image_10406.jpg,Blood - fresh
Image_25911.jpg,Blood - fresh
Image_10017.jpg,Blood - fresh
Image_29020.jpg,Blood - fresh
Image_22145.jpg,Blood - fresh
Image_1653.jpg,Blood - fresh
Image_13671.jpg,Blood - fresh
Image_2159.jpg,Blood - fresh
Image_8494.jpg,Blood - fresh
Image_34748.jpg,Blood - fresh
Image_17706.jpg,Blood - fresh
Image_31785.jpg,Blood - fresh
Image_12425.jpg,Blood - fresh
Image_14819.jpg,Blood - fresh
Image_21884.jpg,Blood - fresh
Image_37271.jpg,Blood - fresh
Image_19985.jpg,Blood - fresh
Image_16663.jpg,Blood - fresh
Image_31427.jpg,Blood - fresh
Image_15905.jpg,Blood - fresh
Image_35511.jpg,Blood - fresh
Image_1696.jpg,Blood - fresh
Image_29068.jpg,Blood - fresh
Image_6432.jpg,Blood - fresh
Image_29691.jpg,Blood - fresh
Image_1658.jpg,Blood - fresh
Image_20614.jpg,Blood - fresh
Image_8948.jpg,Blood - fresh
Image_35436.jpg,Blood - fresh
Image_10609.jpg,Blood - fresh
Image_2823.jpg,Blood - fresh
Image_3355.jpg,Blood - fresh
Image_14613.jpg,Blood - fresh
Image_16821.jpg,Blood - fresh
Image_26452.jpg,Blood - fresh
Image_24918.jpg,Blood - fresh
Image_16162.jpg,Blood - fresh
Image_16173.jpg,Blood - fresh
Image_5131.jpg,Blood - fresh
Image_10113.jpg,Blood - fresh
Image_35854.jpg,Blood - fresh
Image_586.jpg,Blood - fresh
Image_30636.jpg,Blood - fresh
Image_23132.jpg,Blood - fresh
Image_1379.jpg,Blood - fresh
Image_15829.jpg,Blood - fresh
Image_8796.jpg,Blood - fresh
Image_6520.jpg,Blood - fresh
Image_16673.jpg,Blood - fresh
Image_19933.jpg,Blood - fresh
Image_16968.jpg,Blood - fresh
Image_17552.jpg,Blood - fresh
Image_23217.jpg,Blood - fresh
Image_18356.jpg,Blood - fresh
Image_7400.jpg,Blood - fresh
Image_5614.jpg,Blood - fresh
Image_23060.jpg,Blood - fresh
Image_7729.jpg,Blood - fresh
Image_13262.jpg,Blood - fresh
Image_27557.jpg,Blood - fresh
Image_7753.jpg,Blood - fresh
Image_18376.jpg,Blood - fresh
Image_5500.jpg,Blood - fresh
Image_2102.jpg,Blood - fresh
Image_3506.jpg,Blood - fresh
Image_13471.jpg,Blood - fresh
Image_10929.jpg,Blood - fresh
Image_5490.jpg,Blood - fresh
Image_29233.jpg,Blood - fresh
Image_32321.jpg,Blood - fresh
Image_11118.jpg,Blood - fresh
Image_13693.jpg,Blood - fresh
Image_19158.jpg,Blood - fresh
Image_6917.jpg,Blood - fresh
Image_30804.jpg,Blood - fresh
Image_34730.jpg,Blood - fresh
Image_30998.jpg,Blood - fresh
Image_22051.jpg,Blood - fresh
Image_27523.jpg,Blood - fresh
Image_16533.jpg,Blood - fresh
Image_25331.jpg,Blood - fresh
Image_17535.jpg,Blood - fresh
Image_24955.jpg,Blood - fresh
Image_11466.jpg,Blood - fresh
Image_3598.jpg,Blood - fresh
Image_1381.jpg,Blood - fresh
Image_22606.jpg,Blood - fresh
Image_18645.jpg,Blood - fresh
Image_10215.jpg,Blood - fresh
Image_17413.jpg,Blood - fresh
Image_22680.jpg,Blood - fresh
Image_22277.jpg,Blood - fresh
Image_10589.jpg,Blood - fresh
Image_34484.jpg,Blood - fresh
Image_36124.jpg,Blood - fresh
Image_26138.jpg,Blood - fresh
Image_33272.jpg,Blood - fresh
Image_15887.jpg,Blood - fresh
Image_35737.jpg,Blood - fresh
Image_23930.jpg,Blood - fresh
Image_14668.jpg,Blood - fresh
Image_24008.jpg,Blood - fresh
Image_229.jpg,Blood - fresh
Image_10502.jpg,Blood - fresh
Image_19104.jpg,Blood - fresh
Image_31752.jpg,Blood - fresh
Image_33227.jpg,Blood - fresh
Image_10889.jpg,Blood - fresh
Image_28360.jpg,Blood - fresh
Image_171.jpg,Erythema
Image_214.jpg,Erythema
Image_831.jpg,Erythema
Image_1066.jpg,Erythema
Image_1718.jpg,Erythema
Image_2331.jpg,Erythema
Image_2457.jpg,Erythema
Image_2815.jpg,Erythema
Image_3022.jpg,Erythema
Image_3287.jpg,Erythema
Image_3416.jpg,Erythema
Image_3503.jpg,Erythema
Image_4292.jpg,Erythema
Image_4729.jpg,Erythema
Image_5377.jpg,Erythema
Image_5842.jpg,Erythema
Image_5920.jpg,Erythema
Image_6639.jpg,Erythema
Image_6742.jpg,Erythema
Image_6745.jpg,Erythema
Image_6888.jpg,Erythema
Image_7317.jpg,Erythema
Image_7954.jpg,Erythema
Image_8719.jpg,Erythema
Image_8941.jpg,Erythema
Image_9346.jpg,Erythema
Image_9568.jpg,Erythema
Image_9608.jpg,Erythema
Image_9630.jpg,Erythema
Image_9646.jpg,Erythema
Image_9666.jpg,Erythema
Image_9709.jpg,Erythema
Image_9823.jpg,Erythema
Image_9953.jpg,Erythema
Image_10832.jpg,Erythema
Image_10841.jpg,Erythema
Image_11215.jpg,Erythema
Image_11407.jpg,Erythema
Image_11953.jpg,Erythema
Image_12281.jpg,Erythema
Image_12341.jpg,Erythema
Image_12416.jpg,Erythema
Image_12543.jpg,Erythema
Image_12714.jpg,Erythema
Image_13156.jpg,Erythema
Image_13528.jpg,Erythema
Image_13738.jpg,Erythema
Image_13772.jpg,Erythema
Image_13958.jpg,Erythema
Image_14049.jpg,Erythema
Image_14540.jpg,Erythema
Image_14720.jpg,Erythema
Image_14765.jpg,Erythema
Image_14973.jpg,Erythema
Image_15124.jpg,Erythema
Image_15249.jpg,Erythema
Image_15491.jpg,Erythema
Image_15542.jpg,Erythema
Image_15550.jpg,Erythema
Image_15607.jpg,Erythema
Image_15819.jpg,Erythema
Image_16256.jpg,Erythema
Image_16701.jpg,Erythema
Image_16780.jpg,Erythema
Image_16819.jpg,Erythema
Image_17052.jpg,Erythema
Image_17212.jpg,Erythema
Image_17692.jpg,Erythema
Image_17695.jpg,Erythema
Image_17727.jpg,Erythema
Image_17901.jpg,Erythema
Image_18001.jpg,Erythema
Image_18560.jpg,Erythema
Image_18673.jpg,Erythema
Image_19559.jpg,Erythema
Image_20031.jpg,Erythema
Image_20037.jpg,Erythema
Image_20618.jpg,Erythema
Image_20998.jpg,Erythema
Image_21946.jpg,Erythema
Image_22055.jpg,Erythema
Image_22889.jpg,Erythema
Image_23393.jpg,Erythema
Image_23815.jpg,Erythema
Image_24188.jpg,Erythema
Image_24417.jpg,Erythema
Image_24978.jpg,Erythema
Image_25147.jpg,Erythema
Image_25526.jpg,Erythema
Image_26251.jpg,Erythema
Image_26773.jpg,Erythema
Image_26960.jpg,Erythema
Image_27098.jpg,Erythema
Image_27344.jpg,Erythema
Image_27349.jpg,Erythema
Image_27405.jpg,Erythema
Image_27707.jpg,Erythema
Image_27814.jpg,Erythema
Image_27930.jpg,Erythema
Image_28558.jpg,Erythema
Image_29609.jpg,Erythema
Image_29952.jpg,Erythema
Image_29984.jpg,Erythema
Image_29997.jpg,Erythema
Image_30016.jpg,Erythema
Image_30127.jpg,Erythema
Image_30231.jpg,Erythema
Image_30348.jpg,Erythema
Image_31877.jpg,Erythema
Image_31889.jpg,Erythema
Image_32051.jpg,Erythema
Image_32100.jpg,Erythema
Image_32400.jpg,Erythema
Image_33451.jpg,Erythema
Image_33641.jpg,Erythema
Image_34124.jpg,Erythema
Image_34126.jpg,Erythema
Image_34342.jpg,Erythema
Image_34483.jpg,Erythema
Image_35942.jpg,Erythema
Image_35951.jpg,Erythema
Image_36223.jpg,Erythema
Image_36261.jpg,Erythema
Image_36354.jpg,Erythema
Image_36739.jpg,Erythema
Image_37103.jpg,Erythema
Image_37771.jpg,Erythema
Image_463.jpg,Polyp
Image_838.jpg,Polyp
Image_955.jpg,Polyp
Image_5179.jpg,Polyp
Image_5333.jpg,Polyp
Image_5663.jpg,Polyp
Image_7614.jpg,Polyp
Image_7950.jpg,Polyp
Image_9312.jpg,Polyp
Image_10008.jpg,Polyp
Image_11834.jpg,Polyp
Image_11916.jpg,Polyp
Image_13813.jpg,Polyp
Image_14906.jpg,Polyp
Image_15296.jpg,Polyp
Image_15692.jpg,Polyp
Image_16207.jpg,Polyp
Image_16814.jpg,Polyp
Image_17129.jpg,Polyp
Image_17230.jpg,Polyp
Image_18185.jpg,Polyp
Image_20205.jpg,Polyp
Image_20432.jpg,Polyp
Image_20890.jpg,Polyp
Image_21386.jpg,Polyp
Image_23802.jpg,Polyp
Image_24012.jpg,Polyp
Image_24017.jpg,Polyp
Image_24289.jpg,Polyp
Image_25303.jpg,Polyp
Image_25309.jpg,Polyp
Image_27233.jpg,Polyp
Image_27633.jpg,Polyp
Image_28696.jpg,Polyp
Image_30765.jpg,Polyp
Image_32280.jpg,Polyp
Image_32385.jpg,Polyp
Image_32791.jpg,Polyp
Image_33099.jpg,Polyp
Image_33226.jpg,Polyp
Image_33743.jpg,Polyp
Image_36158.jpg,Polyp
Image_36876.jpg,Polyp
Image_37073.jpg,Polyp
Image_7978.jpg,ampulla_of_vater
Image_10820.jpg,ampulla_of_vater
Image_16085.jpg,ampulla_of_vater
Image_16900.jpg,ampulla_of_vater
Image_22494.jpg,ampulla_of_vater
Image_22758.jpg,ampulla_of_vater
Image_28809.jpg,ampulla_of_vater
Image_35370.jpg,ampulla_of_vater
Image_8678.jpg,Blood - hematin
Image_11355.jpg,Blood - hematin
Image_11428.jpg,Blood - hematin
Image_13533.jpg,Blood - hematin
Image_14165.jpg,Blood - hematin
Image_19441.jpg,Blood - hematin
Image_27043.jpg,Blood - hematin
Image_31069.jpg,Blood - hematin
Image_31115.jpg,Blood - hematin
Image_32058.jpg,Blood - hematin
